title,description,category
Cloud computing seminar,This event focuses on cloud computing seminar and active participation.,Technical
Cloud computing seminar,This event focuses on cloud computing seminar and active participation.,Technical
Cloud computing seminar,This event focuses on cloud computing seminar and active participation.,Technical
Python coding bootcamp,This event focuses on python coding bootcamp and active participation.,Technical
Python coding bootcamp,This event focuses on python coding bootcamp and active participation.,Technical
Cloud computing seminar,This event focuses on cloud computing seminar and active participation.,Technical
AI workshop,This event focuses on ai workshop and active participation.,Technical
Hackathon event,This event focuses on hackathon event and active participation.,Technical
AI workshop,This event focuses on ai workshop and active participation.,Technical
Hackathon event,This event focuses on hackathon event and active participation.,Technical
Hackathon event,This event focuses on hackathon event and active participation.,Technical
Python coding bootcamp,This event focuses on python coding bootcamp and active participation.,Technical
Hackathon event,This event focuses on hackathon event and active participation.,Technical
Python coding bootcamp,This event focuses on python coding bootcamp and active participation.,Technical
Cloud computing seminar,This event focuses on cloud computing seminar and active participation.,Technical
Cloud computing seminar,This event focuses on cloud computing seminar and active participation.,Technical
Cloud computing seminar,This event focuses on cloud computing seminar and active participation.,Technical
Web development training,This event focuses on web development training and active participation.,Technical
Cloud computing seminar,This event focuses on cloud computing seminar and active participation.,Technical
AI workshop,This event focuses on ai workshop and active participation.,Technical
AI workshop,This event focuses on ai workshop and active participation.,Technical
AI workshop,This event focuses on ai workshop and active participation.,Technical
Python coding bootcamp,This event focuses on python coding bootcamp and active participation.,Technical
AI workshop,This event focuses on ai workshop and active participation.,Technical
Python coding bootcamp,This event focuses on python coding bootcamp and active participation.,Technical
AI workshop,This event focuses on ai workshop and active participation.,Technical
Hackathon event,This event focuses on hackathon event and active participation.,Technical
AI workshop,This event focuses on ai workshop and active participation.,Technical
Python coding bootcamp,This event focuses on python coding bootcamp and active participation.,Technical
Cloud computing seminar,This event focuses on cloud computing seminar and active participation.,Technical
Hackathon event,This event focuses on hackathon event and active participation.,Technical
Hackathon event,This event focuses on hackathon event and active participation.,Technical
AI workshop,This event focuses on ai workshop and active participation.,Technical
Cloud computing seminar,This event focuses on cloud computing seminar and active participation.,Technical
Python coding bootcamp,This event focuses on python coding bootcamp and active participation.,Technical
Python coding bootcamp,This event focuses on python coding bootcamp and active participation.,Technical
AI workshop,This event focuses on ai workshop and active participation.,Technical
Cloud computing seminar,This event focuses on cloud computing seminar and active participation.,Technical
Python coding bootcamp,This event focuses on python coding bootcamp and active participation.,Technical
Python coding bootcamp,This event focuses on python coding bootcamp and active participation.,Technical
Web development training,This event focuses on web development training and active participation.,Technical
Web development training,This event focuses on web development training and active participation.,Technical
Python coding bootcamp,This event focuses on python coding bootcamp and active participation.,Technical
Cloud computing seminar,This event focuses on cloud computing seminar and active participation.,Technical
Python coding bootcamp,This event focuses on python coding bootcamp and active participation.,Technical
AI workshop,This event focuses on ai workshop and active participation.,Technical
Hackathon event,This event focuses on hackathon event and active participation.,Technical
Python coding bootcamp,This event focuses on python coding bootcamp and active participation.,Technical
AI workshop,This event focuses on ai workshop and active participation.,Technical
AI workshop,This event focuses on ai workshop and active participation.,Technical
Web development training,This event focuses on web development training and active participation.,Technical
Python coding bootcamp,This event focuses on python coding bootcamp and active participation.,Technical
Cloud computing seminar,This event focuses on cloud computing seminar and active participation.,Technical
Web development training,This event focuses on web development training and active participation.,Technical
AI workshop,This event focuses on ai workshop and active participation.,Technical
Cloud computing seminar,This event focuses on cloud computing seminar and active participation.,Technical
Web development training,This event focuses on web development training and active participation.,Technical
AI workshop,This event focuses on ai workshop and active participation.,Technical
Web development training,This event focuses on web development training and active participation.,Technical
Python coding bootcamp,This event focuses on python coding bootcamp and active participation.,Technical
Food festival,This event focuses on food festival and active participation.,Cultural
Food festival,This event focuses on food festival and active participation.,Cultural
Food festival,This event focuses on food festival and active participation.,Cultural
Art exhibition,This event focuses on art exhibition and active participation.,Cultural
Drama night,This event focuses on drama night and active participation.,Cultural
Food festival,This event focuses on food festival and active participation.,Cultural
Drama night,This event focuses on drama night and active participation.,Cultural
Food festival,This event focuses on food festival and active participation.,Cultural
Music concert,This event focuses on music concert and active participation.,Cultural
Dance competition,This event focuses on dance competition and active participation.,Cultural
Food festival,This event focuses on food festival and active participation.,Cultural
Dance competition,This event focuses on dance competition and active participation.,Cultural
Drama night,This event focuses on drama night and active participation.,Cultural
Music concert,This event focuses on music concert and active participation.,Cultural
Food festival,This event focuses on food festival and active participation.,Cultural
Food festival,This event focuses on food festival and active participation.,Cultural
Food festival,This event focuses on food festival and active participation.,Cultural
Drama night,This event focuses on drama night and active participation.,Cultural
Music concert,This event focuses on music concert and active participation.,Cultural
Music concert,This event focuses on music concert and active participation.,Cultural
Art exhibition,This event focuses on art exhibition and active participation.,Cultural
Music concert,This event focuses on music concert and active participation.,Cultural
Art exhibition,This event focuses on art exhibition and active participation.,Cultural
Art exhibition,This event focuses on art exhibition and active participation.,Cultural
Food festival,This event focuses on food festival and active participation.,Cultural
Art exhibition,This event focuses on art exhibition and active participation.,Cultural
Music concert,This event focuses on music concert and active participation.,Cultural
Drama night,This event focuses on drama night and active participation.,Cultural
Drama night,This event focuses on drama night and active participation.,Cultural
Food festival,This event focuses on food festival and active participation.,Cultural
Dance competition,This event focuses on dance competition and active participation.,Cultural
Drama night,This event focuses on drama night and active participation.,Cultural
Art exhibition,This event focuses on art exhibition and active participation.,Cultural
Art exhibition,This event focuses on art exhibition and active participation.,Cultural
Music concert,This event focuses on music concert and active participation.,Cultural
Music concert,This event focuses on music concert and active participation.,Cultural
Art exhibition,This event focuses on art exhibition and active participation.,Cultural
Drama night,This event focuses on drama night and active participation.,Cultural
Food festival,This event focuses on food festival and active participation.,Cultural
Music concert,This event focuses on music concert and active participation.,Cultural
Food festival,This event focuses on food festival and active participation.,Cultural
Dance competition,This event focuses on dance competition and active participation.,Cultural
Music concert,This event focuses on music concert and active participation.,Cultural
Art exhibition,This event focuses on art exhibition and active participation.,Cultural
Art exhibition,This event focuses on art exhibition and active participation.,Cultural
Food festival,This event focuses on food festival and active participation.,Cultural
Art exhibition,This event focuses on art exhibition and active participation.,Cultural
Drama night,This event focuses on drama night and active participation.,Cultural
Music concert,This event focuses on music concert and active participation.,Cultural
Art exhibition,This event focuses on art exhibition and active participation.,Cultural
Drama night,This event focuses on drama night and active participation.,Cultural
Dance competition,This event focuses on dance competition and active participation.,Cultural
Food festival,This event focuses on food festival and active participation.,Cultural
Food festival,This event focuses on food festival and active participation.,Cultural
Dance competition,This event focuses on dance competition and active participation.,Cultural
Dance competition,This event focuses on dance competition and active participation.,Cultural
Art exhibition,This event focuses on art exhibition and active participation.,Cultural
Music concert,This event focuses on music concert and active participation.,Cultural
Drama night,This event focuses on drama night and active participation.,Cultural
Art exhibition,This event focuses on art exhibition and active participation.,Cultural
Cricket tournament,This event focuses on cricket tournament and active participation.,Sports
Cricket tournament,This event focuses on cricket tournament and active participation.,Sports
Cricket tournament,This event focuses on cricket tournament and active participation.,Sports
Kabaddi league,This event focuses on kabaddi league and active participation.,Sports
Badminton championship,This event focuses on badminton championship and active participation.,Sports
Marathon run,This event focuses on marathon run and active participation.,Sports
Football match,This event focuses on football match and active participation.,Sports
Marathon run,This event focuses on marathon run and active participation.,Sports
Kabaddi league,This event focuses on kabaddi league and active participation.,Sports
Cricket tournament,This event focuses on cricket tournament and active participation.,Sports
Cricket tournament,This event focuses on cricket tournament and active participation.,Sports
Marathon run,This event focuses on marathon run and active participation.,Sports
Badminton championship,This event focuses on badminton championship and active participation.,Sports
Marathon run,This event focuses on marathon run and active participation.,Sports
Marathon run,This event focuses on marathon run and active participation.,Sports
Cricket tournament,This event focuses on cricket tournament and active participation.,Sports
Football match,This event focuses on football match and active participation.,Sports
Football match,This event focuses on football match and active participation.,Sports
Cricket tournament,This event focuses on cricket tournament and active participation.,Sports
Marathon run,This event focuses on marathon run and active participation.,Sports
Football match,This event focuses on football match and active participation.,Sports
Badminton championship,This event focuses on badminton championship and active participation.,Sports
Football match,This event focuses on football match and active participation.,Sports
Badminton championship,This event focuses on badminton championship and active participation.,Sports
Marathon run,This event focuses on marathon run and active participation.,Sports
Cricket tournament,This event focuses on cricket tournament and active participation.,Sports
Badminton championship,This event focuses on badminton championship and active participation.,Sports
Kabaddi league,This event focuses on kabaddi league and active participation.,Sports
Badminton championship,This event focuses on badminton championship and active participation.,Sports
Kabaddi league,This event focuses on kabaddi league and active participation.,Sports
Cricket tournament,This event focuses on cricket tournament and active participation.,Sports
Badminton championship,This event focuses on badminton championship and active participation.,Sports
Football match,This event focuses on football match and active participation.,Sports
Football match,This event focuses on football match and active participation.,Sports
Marathon run,This event focuses on marathon run and active participation.,Sports
Kabaddi league,This event focuses on kabaddi league and active participation.,Sports
Marathon run,This event focuses on marathon run and active participation.,Sports
Football match,This event focuses on football match and active participation.,Sports
Marathon run,This event focuses on marathon run and active participation.,Sports
Marathon run,This event focuses on marathon run and active participation.,Sports
Marathon run,This event focuses on marathon run and active participation.,Sports
Kabaddi league,This event focuses on kabaddi league and active participation.,Sports
Football match,This event focuses on football match and active participation.,Sports
Kabaddi league,This event focuses on kabaddi league and active participation.,Sports
Cricket tournament,This event focuses on cricket tournament and active participation.,Sports
Football match,This event focuses on football match and active participation.,Sports
Cricket tournament,This event focuses on cricket tournament and active participation.,Sports
Cricket tournament,This event focuses on cricket tournament and active participation.,Sports
Kabaddi league,This event focuses on kabaddi league and active participation.,Sports
Cricket tournament,This event focuses on cricket tournament and active participation.,Sports
Badminton championship,This event focuses on badminton championship and active participation.,Sports
Football match,This event focuses on football match and active participation.,Sports
Marathon run,This event focuses on marathon run and active participation.,Sports
Football match,This event focuses on football match and active participation.,Sports
Football match,This event focuses on football match and active participation.,Sports
Football match,This event focuses on football match and active participation.,Sports
Cricket tournament,This event focuses on cricket tournament and active participation.,Sports
Badminton championship,This event focuses on badminton championship and active participation.,Sports
Cricket tournament,This event focuses on cricket tournament and active participation.,Sports
Badminton championship,This event focuses on badminton championship and active participation.,Sports
Yoga retreat,This event focuses on yoga retreat and active participation.,Devotional
Yoga retreat,This event focuses on yoga retreat and active participation.,Devotional
Temple festival,This event focuses on temple festival and active participation.,Devotional
Temple festival,This event focuses on temple festival and active participation.,Devotional
Prayer meeting,This event focuses on prayer meeting and active participation.,Devotional
Temple festival,This event focuses on temple festival and active participation.,Devotional
Temple festival,This event focuses on temple festival and active participation.,Devotional
Yoga retreat,This event focuses on yoga retreat and active participation.,Devotional
Spiritual discourse,This event focuses on spiritual discourse and active participation.,Devotional
Bhajan session,This event focuses on bhajan session and active participation.,Devotional
Prayer meeting,This event focuses on prayer meeting and active participation.,Devotional
Prayer meeting,This event focuses on prayer meeting and active participation.,Devotional
Prayer meeting,This event focuses on prayer meeting and active participation.,Devotional
Yoga retreat,This event focuses on yoga retreat and active participation.,Devotional
Temple festival,This event focuses on temple festival and active participation.,Devotional
Temple festival,This event focuses on temple festival and active participation.,Devotional
Bhajan session,This event focuses on bhajan session and active participation.,Devotional
Spiritual discourse,This event focuses on spiritual discourse and active participation.,Devotional
Yoga retreat,This event focuses on yoga retreat and active participation.,Devotional
Yoga retreat,This event focuses on yoga retreat and active participation.,Devotional
Bhajan session,This event focuses on bhajan session and active participation.,Devotional
Bhajan session,This event focuses on bhajan session and active participation.,Devotional
Yoga retreat,This event focuses on yoga retreat and active participation.,Devotional
Spiritual discourse,This event focuses on spiritual discourse and active participation.,Devotional
Bhajan session,This event focuses on bhajan session and active participation.,Devotional
Temple festival,This event focuses on temple festival and active participation.,Devotional
Prayer meeting,This event focuses on prayer meeting and active participation.,Devotional
Temple festival,This event focuses on temple festival and active participation.,Devotional
Spiritual discourse,This event focuses on spiritual discourse and active participation.,Devotional
Bhajan session,This event focuses on bhajan session and active participation.,Devotional
Bhajan session,This event focuses on bhajan session and active participation.,Devotional
Bhajan session,This event focuses on bhajan session and active participation.,Devotional
Yoga retreat,This event focuses on yoga retreat and active participation.,Devotional
Yoga retreat,This event focuses on yoga retreat and active participation.,Devotional
Bhajan session,This event focuses on bhajan session and active participation.,Devotional
Temple festival,This event focuses on temple festival and active participation.,Devotional
Bhajan session,This event focuses on bhajan session and active participation.,Devotional
Prayer meeting,This event focuses on prayer meeting and active participation.,Devotional
Prayer meeting,This event focuses on prayer meeting and active participation.,Devotional
Temple festival,This event focuses on temple festival and active participation.,Devotional
Spiritual discourse,This event focuses on spiritual discourse and active participation.,Devotional
Yoga retreat,This event focuses on yoga retreat and active participation.,Devotional
Bhajan session,This event focuses on bhajan session and active participation.,Devotional
Spiritual discourse,This event focuses on spiritual discourse and active participation.,Devotional
Spiritual discourse,This event focuses on spiritual discourse and active participation.,Devotional
Spiritual discourse,This event focuses on spiritual discourse and active participation.,Devotional
Yoga retreat,This event focuses on yoga retreat and active participation.,Devotional
Temple festival,This event focuses on temple festival and active participation.,Devotional
Temple festival,This event focuses on temple festival and active participation.,Devotional
Prayer meeting,This event focuses on prayer meeting and active participation.,Devotional
Temple festival,This event focuses on temple festival and active participation.,Devotional
Yoga retreat,This event focuses on yoga retreat and active participation.,Devotional
Yoga retreat,This event focuses on yoga retreat and active participation.,Devotional
Temple festival,This event focuses on temple festival and active participation.,Devotional
Spiritual discourse,This event focuses on spiritual discourse and active participation.,Devotional
Prayer meeting,This event focuses on prayer meeting and active participation.,Devotional
Temple festival,This event focuses on temple festival and active participation.,Devotional
Temple festival,This event focuses on temple festival and active participation.,Devotional
Bhajan session,This event focuses on bhajan session and active participation.,Devotional
Bhajan session,This event focuses on bhajan session and active participation.,Devotional
